{
  "Decision Tree (CART)": {
    "accuracy": 0.646875,
    "precision": 0.10727969348659004,
    "recall": 0.36129032258064514,
    "f1_score": 0.1654357459379616,
    "roc_auc": 0.5232592923317334,
    "confusion_matrix": [
      [
        979,
        466
      ],
      [
        99,
        56
      ]
    ],
    "classification_report": {
      "0": {
        "precision": 0.9081632653061225,
        "recall": 0.6775086505190312,
        "f1-score": 0.7760602457391994,
        "support": 1445.0
      },
      "1": {
        "precision": 0.10727969348659004,
        "recall": 0.36129032258064514,
        "f1-score": 0.1654357459379616,
        "support": 155.0
      },
      "accuracy": 0.646875,
      "macro avg": {
        "precision": 0.5077214793963563,
        "recall": 0.5193994865498381,
        "f1-score": 0.4707479958385805,
        "support": 1600.0
      },
      "weighted avg": {
        "precision": 0.8305776692861053,
        "recall": 0.646875,
        "f1-score": 0.7169059973209545,
        "support": 1600.0
      }
    },
    "cv_f1_mean": 0.7784239435430769,
    "cv_f1_std": 0.007807865516663539,
    "train_time": 0.1279892921447754,
    "predict_time": 0.0005786418914794922,
    "description": "CART algorithm with Gini impurity, max_depth=10, balanced class weights"
  },
  "Decision Tree (Entropy/ID3)": {
    "accuracy": 0.6325,
    "precision": 0.10707803992740472,
    "recall": 0.38064516129032255,
    "f1_score": 0.1671388101983003,
    "roc_auc": 0.5295702645384529,
    "confusion_matrix": [
      [
        953,
        492
      ],
      [
        96,
        59
      ]
    ],
    "classification_report": {
      "0": {
        "precision": 0.9084842707340324,
        "recall": 0.6595155709342561,
        "f1-score": 0.764234161988773,
        "support": 1445.0
      },
      "1": {
        "precision": 0.10707803992740472,
        "recall": 0.38064516129032255,
        "f1-score": 0.1671388101983003,
        "support": 155.0
      },
      "accuracy": 0.6325,
      "macro avg": {
        "precision": 0.5077811553307185,
        "recall": 0.5200803661122892,
        "f1-score": 0.4656864860935367,
        "support": 1600.0
      },
      "weighted avg": {
        "precision": 0.8308480421246403,
        "recall": 0.6325,
        "f1-score": 0.706390549784071,
        "support": 1600.0
      }
    },
    "cv_f1_mean": 0.7689343073751794,
    "cv_f1_std": 0.004410086769012852,
    "train_time": 0.22695279121398926,
    "predict_time": 0.0005562305450439453,
    "description": "ID3-style using entropy/information gain, max_depth=10, balanced class weights"
  },
  "Naive Bayes (Gaussian)": {
    "accuracy": 0.623125,
    "precision": 0.10424028268551237,
    "recall": 0.38064516129032255,
    "f1_score": 0.1636615811373093,
    "roc_auc": 0.5264382185511777,
    "confusion_matrix": [
      [
        938,
        507
      ],
      [
        96,
        59
      ]
    ],
    "classification_report": {
      "0": {
        "precision": 0.90715667311412,
        "recall": 0.6491349480968858,
        "f1-score": 0.7567567567567568,
        "support": 1445.0
      },
      "1": {
        "precision": 0.10424028268551237,
        "recall": 0.38064516129032255,
        "f1-score": 0.1636615811373093,
        "support": 155.0
      },
      "accuracy": 0.623125,
      "macro avg": {
        "precision": 0.5056984778998161,
        "recall": 0.5148900546936042,
        "f1-score": 0.46020916894703306,
        "support": 1600.0
      },
      "weighted avg": {
        "precision": 0.8293741477913485,
        "recall": 0.6231249999999999,
        "f1-score": 0.6993006616186228,
        "support": 1600.0
      }
    },
    "cv_f1_mean": 0.7528086203595259,
    "cv_f1_std": 0.00781483519023543,
    "train_time": 0.004114627838134766,
    "predict_time": 0.0005767345428466797,
    "description": "Gaussian Naive Bayes \u2014 assumes feature independence"
  },
  "KNN (K=3)": {
    "accuracy": 0.608125,
    "precision": 0.09450171821305842,
    "recall": 0.3548387096774194,
    "f1_score": 0.14925373134328357,
    "roc_auc": 0.4951110615023998,
    "confusion_matrix": [
      [
        918,
        527
      ],
      [
        100,
        55
      ]
    ],
    "classification_report": {
      "0": {
        "precision": 0.9017681728880157,
        "recall": 0.6352941176470588,
        "f1-score": 0.7454323995127893,
        "support": 1445.0
      },
      "1": {
        "precision": 0.09450171821305842,
        "recall": 0.3548387096774194,
        "f1-score": 0.14925373134328357,
        "support": 155.0
      },
      "accuracy": 0.608125,
      "macro avg": {
        "precision": 0.49813494555053706,
        "recall": 0.4950664136622391,
        "f1-score": 0.4473430654280364,
        "support": 1600.0
      },
      "weighted avg": {
        "precision": 0.8235642350913792,
        "recall": 0.608125,
        "f1-score": 0.6876775910338684,
        "support": 1600.0
      }
    },
    "cv_f1_mean": 0.8257286197896763,
    "cv_f1_std": 0.0074874576780653386,
    "train_time": 0.034822940826416016,
    "predict_time": 0.4815385341644287,
    "description": "K-Nearest Neighbors with K=3, distance-weighted"
  },
  "KNN (K=5)": {
    "accuracy": 0.586875,
    "precision": 0.09584664536741214,
    "recall": 0.3870967741935484,
    "f1_score": 0.15364916773367476,
    "roc_auc": 0.5071213305056368,
    "confusion_matrix": [
      [
        879,
        566
      ],
      [
        95,
        60
      ]
    ],
    "classification_report": {
      "0": {
        "precision": 0.9024640657084189,
        "recall": 0.6083044982698962,
        "f1-score": 0.7267465894997933,
        "support": 1445.0
      },
      "1": {
        "precision": 0.09584664536741214,
        "recall": 0.3870967741935484,
        "f1-score": 0.15364916773367476,
        "support": 155.0
      },
      "accuracy": 0.586875,
      "macro avg": {
        "precision": 0.4991553555379155,
        "recall": 0.4977006362317223,
        "f1-score": 0.44019787861673404,
        "support": 1600.0
      },
      "weighted avg": {
        "precision": 0.8243230031128839,
        "recall": 0.586875,
        "f1-score": 0.6712277767662006,
        "support": 1600.0
      }
    },
    "cv_f1_mean": 0.8151105535721609,
    "cv_f1_std": 0.005205760675928043,
    "train_time": 0.030263185501098633,
    "predict_time": 0.5039360523223877,
    "description": "K-Nearest Neighbors with K=5, distance-weighted"
  },
  "KNN (K=7)": {
    "accuracy": 0.570625,
    "precision": 0.10298507462686567,
    "recall": 0.44516129032258067,
    "f1_score": 0.16727272727272727,
    "roc_auc": 0.5109096997432749,
    "confusion_matrix": [
      [
        844,
        601
      ],
      [
        86,
        69
      ]
    ],
    "classification_report": {
      "0": {
        "precision": 0.9075268817204301,
        "recall": 0.5840830449826989,
        "f1-score": 0.7107368421052631,
        "support": 1445.0
      },
      "1": {
        "precision": 0.10298507462686567,
        "recall": 0.44516129032258067,
        "f1-score": 0.16727272727272727,
        "support": 155.0
      },
      "accuracy": 0.570625,
      "macro avg": {
        "precision": 0.5052559781736479,
        "recall": 0.5146221676526398,
        "f1-score": 0.4390047846889952,
        "support": 1600.0
      },
      "weighted avg": {
        "precision": 0.8295868941582409,
        "recall": 0.5706249999999999,
        "f1-score": 0.6580887559808611,
        "support": 1600.0
      }
    },
    "cv_f1_mean": 0.8079247917540855,
    "cv_f1_std": 0.004561122517188006,
    "train_time": 0.032379150390625,
    "predict_time": 0.5167419910430908,
    "description": "K-Nearest Neighbors with K=7, distance-weighted"
  },
  "KNN (K=11)": {
    "accuracy": 0.54625,
    "precision": 0.09957924263674614,
    "recall": 0.45806451612903226,
    "f1_score": 0.16359447004608296,
    "roc_auc": 0.5074316329947539,